id,nct_id,agency_class,lead_or_collaborator,name
150445610,NCT01883258,NIH,collaborator,National Institute on Aging (NIA)
150445611,NCT06472362,OTHER,collaborator,Imperial College London
150794751,NCT04854850,UNKNOWN,collaborator,Apollo Neuroscience
150794752,NCT05385315,OTHER,collaborator,Grenoble Institut des Neurosciences
150794753,NCT03080948,OTHER,collaborator,"Princess Alexandra Hospital, Brisbane, Australia"
150445612,NCT06472362,OTHER,collaborator,Royal Free and University College Medical School
150445613,NCT06472362,OTHER,collaborator,The Leeds Teaching Hospitals NHS Trust
150794754,NCT03080948,OTHER_GOV,collaborator,Sheba Medical Center
150794755,NCT03080948,OTHER_GOV,collaborator,Tel-Aviv Sourasky Medical Center
150794756,NCT06199180,INDUSTRY,collaborator,Boston Scientific Corporation
150794757,NCT03829501,INDUSTRY,collaborator,Sanofi
150794758,NCT03625544,INDUSTRY,collaborator,Kuros BioSciences B.V.
150794759,NCT05420233,INDUSTRY,collaborator,AbbVie
150794760,NCT02400944,OTHER,collaborator,"American Cancer Society, Inc."
150794761,NCT04492449,UNKNOWN,collaborator,Maria Aparecida de Andrade Moreira Machado
150794762,NCT04492449,UNKNOWN,collaborator,Thais Marchini de Oliveira Valarelli
150794763,NCT02537210,OTHER,collaborator,"Queen Elizabeth Hospital, Hong Kong"
150794764,NCT02537210,OTHER,collaborator,Alice Ho Miu Ling Nethersole Hospital
150794765,NCT02537210,OTHER,collaborator,"Tseung Kwan O Hospital, Hong Kong"
150794766,NCT02113124,OTHER,collaborator,The Moody Foundation
150794767,NCT01763398,INDUSTRY,collaborator,JW Pharmaceutical
150794768,NCT01802151,UNKNOWN,collaborator,Lallemand Human Nutrition
150794769,NCT05205187,OTHER,collaborator,Liaoning Cancer Hospital & Institute
150794770,NCT05205187,OTHER,collaborator,The Second Hospital of Shandong University
150794771,NCT05205187,UNKNOWN,collaborator,The General Hospital of Fushun Mining Bureau
150794772,NCT05205187,UNKNOWN,collaborator,The fourth People's Hospital of Changzhou
150794773,NCT05205187,OTHER,collaborator,The First People's Hospital of Jingzhou
150794774,NCT02885844,UNKNOWN,collaborator,International Space University
150794775,NCT04963790,OTHER_GOV,collaborator,Public Health Agency of Canada (PHAC)
150794776,NCT04963790,UNKNOWN,collaborator,Eastern Ontario Health Unit
150794777,NCT00003397,OTHER,collaborator,University of Maryland Greenebaum Cancer Center
150445614,NCT06472362,OTHER,collaborator,Hannover Medical School
150794778,NCT01425905,NIH,collaborator,National Institute of Diabetes and Digestive and Kidney Diseases (NIDDK)
150794779,NCT01425905,NIH,collaborator,National Institutes of Health Clinical Center (CC)
150794780,NCT03745742,UNKNOWN,collaborator,Clinique cardio-pneumologique de Durtol
150794781,NCT03745742,OTHER,collaborator,Almerys
150794782,NCT05008523,FED,collaborator,Centers for Disease Control and Prevention
150794783,NCT05193903,OTHER,collaborator,Ludwig-Maximilians - University of Munich
150794784,NCT05193903,OTHER,collaborator,Universitätsklinikum Hamburg-Eppendorf
150794785,NCT05193903,OTHER,collaborator,University Medical Center Mainz
150794786,NCT05193903,OTHER,collaborator,Max Planck Institute for Human Development
150794787,NCT05193903,OTHER_GOV,collaborator,Federal Joint Committee
150794788,NCT04263168,OTHER,collaborator,Weizmann Institute of Science
150794789,NCT04855162,OTHER,collaborator,Hospital Civil de Guadalajara
150794790,NCT00201903,NETWORK,collaborator,Ontario Cancer Research Network
150794791,NCT01478997,UNKNOWN,collaborator,VitalgNetics
150794792,NCT03189277,OTHER,collaborator,Peking University Cancer Hospital & Institute
150794793,NCT03189277,OTHER,collaborator,Chinese PLA General Hospital
150794794,NCT03189277,OTHER,collaborator,Beijing Chest Hospital
150794795,NCT03189277,OTHER,collaborator,307 Hospital of PLA
150794796,NCT03189277,OTHER,collaborator,Peking Union Medical College Hospital
150794797,NCT03189277,OTHER,collaborator,Beijing Chao Yang Hospital
150794798,NCT03189277,OTHER,collaborator,Peking University Third Hospital
150794799,NCT03189277,OTHER,collaborator,Peking University First Hospital
150794800,NCT03189277,UNKNOWN,collaborator,The Hospital of Shunyi District Beijing
150794801,NCT03189277,UNKNOWN,collaborator,Daxing Hospital Beijing
150794802,NCT03189277,UNKNOWN,collaborator,Peking University Third Hospital Yanqing Hospital
150794803,NCT03189277,OTHER,collaborator,Tianjin Medical University Cancer Institute and Hospital
150794804,NCT03189277,OTHER,collaborator,Tianjin Medical University General Hospital
150794805,NCT03189277,OTHER,collaborator,Hebei Medical University Fourth Hospital
150794806,NCT03189277,OTHER_GOV,collaborator,Henan Cancer Hospital
150794807,NCT03189277,OTHER,collaborator,Shanxi Province Cancer Hospital
150445615,NCT06472362,OTHER,collaborator,University of Siena
150445616,NCT06472362,OTHER,collaborator,Università Politecnica delle Marche
150445617,NCT06472362,OTHER,collaborator,Azienda Ospedaliero Universitaria di Sassari
150445618,NCT06472362,OTHER,collaborator,Bichat Hospital
150445619,NCT01972217,INDUSTRY,collaborator,Merck Sharp & Dohme LLC
150445620,NCT01766934,INDUSTRY,collaborator,Hexal AG
150445621,NCT00648609,OTHER,collaborator,Medica Sur Clinic & Foundation
150445622,NCT04395976,UNKNOWN,collaborator,All Party Parliamentary Group - Indian Traditional Sciences
150445623,NCT04395976,OTHER,collaborator,University of Warwick
150445624,NCT05304039,OTHER,collaborator,Erasmus Medical Center
150445625,NCT05304039,OTHER,collaborator,TNO
150445626,NCT03902431,NETWORK,collaborator,Clinical Directors Network
151142705,NCT02000882,INDUSTRY,collaborator,Novartis Pharmaceuticals
150794808,NCT03189277,OTHER,collaborator,Inner Mongolia People's Hospital
150794809,NCT03189277,OTHER,collaborator,The First Affiliated Hospital of Zhengzhou University
151142706,NCT02227368,UNKNOWN,collaborator,CPC Clinical Research
150445627,NCT03902431,OTHER,collaborator,University of Texas
150445628,NCT03902431,NIH,collaborator,"National Heart, Lung, and Blood Institute (NHLBI)"
150445629,NCT03669536,UNKNOWN,collaborator,Hana Old Age Home
150794810,NCT03189277,OTHER,collaborator,309th Hospital of Chinese People's Liberation Army
150445630,NCT05600634,OTHER,collaborator,Zhejiang University
150445631,NCT05600634,OTHER,collaborator,Sir Run Run Shaw Hospital
150445632,NCT05600634,OTHER,collaborator,The First Affiliated Hospital of Air Force Medicial University
150445633,NCT00809185,NIH,collaborator,National Cancer Institute (NCI)
150794811,NCT01226862,OTHER,collaborator,University of Southern California
150794812,NCT01226862,OTHER,collaborator,Mayo Clinic
150794813,NCT01226862,OTHER,collaborator,Swedish Medical Center
150794814,NCT01226862,OTHER,collaborator,University of Utah
150794815,NCT01226862,OTHER,collaborator,California Pacific Medical Center
150794816,NCT00378664,OTHER,collaborator,William Beaumont Hospitals
150794817,NCT03955562,OTHER,collaborator,Yale University
150794818,NCT03955562,OTHER,collaborator,University of Notre Dame
150794819,NCT03955562,OTHER,collaborator,"University of Colorado, Denver"
150794820,NCT03561662,OTHER,collaborator,Alpro Foundation
150794821,NCT00146731,OTHER_GOV,collaborator,"National Institute for Medical Research, Tanzania"
150794822,NCT00005489,NIH,collaborator,"National Heart, Lung, and Blood Institute (NHLBI)"
150794823,NCT03950752,OTHER,collaborator,Fundació Eurecat
150794824,NCT03950752,UNKNOWN,collaborator,Europastry S.A.
150794825,NCT03950752,OTHER,collaborator,Hospital Universitari Sant Joan de Reus
150794826,NCT05003518,UNKNOWN,collaborator,IDEMS International
150794827,NCT05003518,UNKNOWN,collaborator,UNICEF South Africa
150794828,NCT05003518,UNKNOWN,collaborator,UNICEF Malaysia
150794829,NCT05003518,UNKNOWN,collaborator,UNICEF Sri Lanka
150794830,NCT05003518,UNKNOWN,collaborator,UNICEF Jamaica
150794831,NCT05003518,UNKNOWN,collaborator,UNICEF Philippines
150445634,NCT05049252,OTHER,collaborator,University of Southern Denmark
150445635,NCT05049252,UNKNOWN,collaborator,DDL Diagnostic Laboratory
150445636,NCT05049252,OTHER,collaborator,University of Cambridge
150445637,NCT05049252,NIH,collaborator,National Cancer Institute (NCI)
150445638,NCT05049252,OTHER,collaborator,University of Virginia
150445639,NCT02581813,OTHER,collaborator,Dairy Farmers of Canada
150445640,NCT02451722,UNKNOWN,collaborator,Kybun AG
150445641,NCT03304626,OTHER,collaborator,American College of Gastroenterology
150445642,NCT00027534,NIH,collaborator,National Cancer Institute (NCI)
150445643,NCT04228523,OTHER,collaborator,France Parkinson Association
150445644,NCT05203614,NIH,collaborator,National Institutes of Health (NIH)
150445645,NCT01148368,OTHER,collaborator,Seoul National University Hospital
150445646,NCT00894816,OTHER,collaborator,Karolinska Institutet
150445647,NCT00894816,OTHER,collaborator,University of Helsinki
150445648,NCT00894816,OTHER_GOV,collaborator,"The Swedish Research Council for Environment, Agricultural Sciences and Spatial Planning (FORMAS)"
150445649,NCT00894816,OTHER_GOV,collaborator,Medical Research Council
150445650,NCT00894816,OTHER,collaborator,Ekhagastiftelsen
150445651,NCT00894816,UNKNOWN,collaborator,The county of Västerbotten
150445652,NCT00894816,OTHER,collaborator,Oskar Foundation
150445653,NCT01334177,NIH,collaborator,National Cancer Institute (NCI)
150445654,NCT01074502,INDUSTRY,collaborator,Celgene
150445655,NCT05889728,INDUSTRY,collaborator,Novartis
150445656,NCT04907396,OTHER,collaborator,University of Alabama at Birmingham
150445657,NCT04907396,OTHER,collaborator,"University of Colorado, Denver"
150445658,NCT04907396,OTHER,collaborator,University of Kansas Medical Center
150445659,NCT04907396,OTHER,collaborator,Pennington Biomedical Research Center
150445660,NCT04907396,OTHER,collaborator,University of New Hampshire
150445661,NCT04907396,FED,collaborator,United States Military Academy West Point
150445662,NCT01128374,OTHER,collaborator,University of Alabama at Birmingham
150445663,NCT00298402,OTHER,collaborator,Royal Brompton & Harefield NHS Foundation Trust
150445664,NCT01792895,OTHER,collaborator,Universidad Europea de Madrid
150445665,NCT00674817,INDUSTRY,collaborator,GlaxoSmithKline
150445666,NCT00959855,UNKNOWN,collaborator,ITS Pulmonary Rehabilitation Research Network
150445667,NCT00733018,OTHER,collaborator,St. Olavs Hospital
150445668,NCT00733018,OTHER,collaborator,FUGE Mid-Norway
150445669,NCT03710499,OTHER_GOV,collaborator,Rio de Janeiro State Research Supporting Foundation (FAPERJ)
150445670,NCT03710499,OTHER_GOV,collaborator,Coordenação de Aperfeiçoamento de Pessoal de Nível Superior.
150445671,NCT00887536,INDUSTRY,collaborator,"Genentech, Inc."
150445672,NCT00887536,INDUSTRY,collaborator,US Oncology Research
150445673,NCT03264677,UNKNOWN,collaborator,Shanghai Skin Disease Hospital
150445674,NCT03264677,UNKNOWN,collaborator,"Shanghai China-Norm Management Consulting co.,LTD"
150445675,NCT00898417,NIH,collaborator,National Cancer Institute (NCI)
150445676,NCT00520182,OTHER,collaborator,The S. Daniel Abraham International Center for Health and Nutrition
150445677,NCT00520182,OTHER,collaborator,Clalit Health Services
150445678,NCT05419583,OTHER_GOV,collaborator,Chief Scientist Office of the Scottish Government
150445679,NCT01417806,INDUSTRY,collaborator,Novartis Pharmaceuticals
150445680,NCT00976183,INDUSTRY,collaborator,Merck Sharp & Dohme LLC
150445681,NCT05630924,UNKNOWN,collaborator,Sesame Workshop
150445682,NCT02437344,NIH,collaborator,National Institute on Drug Abuse (NIDA)
150445683,NCT06212362,OTHER_GOV,collaborator,Region Stockholm
150445684,NCT06212362,OTHER_GOV,collaborator,Vastra Gotaland Region
150445685,NCT05539625,UNKNOWN,collaborator,The Jon Moulton Charity Trust
150445686,NCT05539625,UNKNOWN,collaborator,MitoQ
150794832,NCT05003518,UNKNOWN,collaborator,"Health Promotion Bureau, Sri Lanka"
150794833,NCT05003518,OTHER,collaborator,Universiti Putra Malaysia
150794834,NCT05003518,OTHER,collaborator,Ateneo de Manila University
150794835,NCT05003518,OTHER,collaborator,University of Cape Town
150794836,NCT05003518,UNKNOWN,collaborator,The LEGO Foundation
150794837,NCT02116790,NIH,collaborator,National Institute of Dental and Craniofacial Research (NIDCR)
150794838,NCT02116790,NIH,collaborator,National Institutes of Health (NIH)
150794839,NCT03551964,OTHER,collaborator,"Charles University, Czech Republic"
150794840,NCT03551964,OTHER,collaborator,Masaryk University
150794841,NCT03551964,OTHER_GOV,collaborator,"Ministry of Health, Czech Republic"
150794842,NCT03551964,UNKNOWN,collaborator,National Institute for Metabolic and Cardiovascular Disease Research
150794843,NCT03551964,OTHER,collaborator,"Institute of Hematology and Blood Transfusion, Czech Republic"
150794844,NCT03551964,UNKNOWN,collaborator,BioVendor LM
150794845,NCT02993406,OTHER,collaborator,The Cleveland Clinic
150794846,NCT02295943,OTHER,collaborator,Haukeland University Hospital
150445687,NCT03299556,OTHER,collaborator,Geisinger Clinic
150445688,NCT04413500,OTHER,collaborator,Region Halland
150445689,NCT01527149,NETWORK,collaborator,National Comprehensive Cancer Network
150445690,NCT00579215,OTHER,collaborator,University of Virginia
150794847,NCT02295943,OTHER,collaborator,Trondheim University Hospital
150794848,NCT02295943,OTHER,collaborator,University Hospital of North Norway
150794849,NCT03688165,OTHER,collaborator,Ospedale Santo Stefano
150794850,NCT03688165,UNKNOWN,collaborator,APSS Trento
150794851,NCT03688165,OTHER,collaborator,Azienda Sanitaria n. 4 Chiavarese
150445691,NCT00579215,NIH,collaborator,National Institute of Nursing Research (NINR)
150794852,NCT03688165,OTHER,collaborator,Fondazione Don Carlo Gnocchi Onlus
150794853,NCT03688165,OTHER,collaborator,Azienda Ospedaliera San Gerardo di Monza
150794854,NCT03688165,OTHER,collaborator,University Hospital of Ferrara
150794855,NCT03688165,OTHER,collaborator,Privatklinik Villa Melitta
150794856,NCT03688165,OTHER,collaborator,Centro Ricerche Cliniche di Verona
150445692,NCT03088449,INDUSTRY,collaborator,Merck Sharp & Dohme LLC
150445693,NCT03088449,INDUSTRY,collaborator,AbbVie
150794857,NCT03688165,UNKNOWN,collaborator,"Unità di Neuroriabilitazione, HABILITA"
150794858,NCT03688165,UNKNOWN,collaborator,"Istituto Piero Redaelli, Milano"
150794859,NCT03688165,OTHER,collaborator,S. Anna Hospital
150794860,NCT03688165,OTHER,collaborator,Azienda Sanitaria Locale n.2 Savonese
150794861,NCT03688165,UNKNOWN,collaborator,Fondazione Centri di Riabilitazione Padre Pio Onlus
150794862,NCT03688165,OTHER,collaborator,"Habilita, Ospedale di Sarnico"
150445694,NCT03088449,INDUSTRY,collaborator,Pfizer
150445695,NCT03088449,OTHER,collaborator,"Centre for Ocular Research & Education, Canada"
150445696,NCT03088449,INDUSTRY,collaborator,Napp Pharmaceuticals Limited
150445697,NCT01592734,OTHER,collaborator,Azienda Ospedaliera Ospedale Infantile Regina Margherita Sant'Anna
150445698,NCT06009939,UNKNOWN,collaborator,Department of Biomedical Engineering (IMT)
150445699,NCT06009939,UNKNOWN,collaborator,"Department of Health, Medicine and Caring Sciences (HMV)"
150445700,NCT06009939,OTHER_GOV,collaborator,Linkoeping University
150445701,NCT05201547,INDUSTRY,collaborator,GlaxoSmithKline
150794863,NCT03688165,OTHER,collaborator,I.R.C.C.S. Fondazione Santa Lucia
150794864,NCT03688165,OTHER,collaborator,"Azienda Ospedaliero, Universitaria Pisana"
150445702,NCT05671146,OTHER,collaborator,Umm Al-Qura University
150445703,NCT03868423,NIH,collaborator,National Cancer Institute (NCI)
150445704,NCT06036225,OTHER,collaborator,"Queen's University, Belfast"
150445705,NCT03496311,OTHER,collaborator,University of Milan
150445706,NCT02704455,OTHER,collaborator,Shengjing Hospital
150794865,NCT03688165,OTHER,collaborator,Azienda Socio Sanitaria Territoriale di Mantova
150794866,NCT06797258,UNKNOWN,collaborator,MCRA (an IQVIA business)
150794867,NCT06797258,UNKNOWN,collaborator,"Bruder Consulting International, LLC"
150794868,NCT05793593,UNKNOWN,collaborator,CANCER PREVENTION FUND
150794869,NCT02441985,OTHER,collaborator,National Organization for Rare Disorders
150794870,NCT02441985,OTHER,collaborator,Neuronetics
150794871,NCT05679674,INDUSTRY,collaborator,NovoCure Ltd.
150794872,NCT04407689,OTHER,collaborator,"University Hospital, Limoges"
150794873,NCT04407689,OTHER,collaborator,Amarex Clinical Research
150794874,NCT02986308,OTHER,collaborator,Heilongjiang University of Chinese Medicine
150794875,NCT05471284,OTHER,collaborator,Tufts University
150794876,NCT05471284,OTHER,collaborator,Massachusetts General Hospital
150445707,NCT02704455,OTHER,collaborator,"Capital Institute of Pediatrics, China"
150794877,NCT05471284,OTHER,collaborator,Memorial Sloan Kettering Cancer Center
150445708,NCT02704455,OTHER,collaborator,Shanghai Children's Medical Center
150794878,NCT03069703,OTHER,collaborator,EUCLID Clinical Trial Platform
150794879,NCT03069703,OTHER,collaborator,Recherche Clinique Paris Descartes Necker Cochin Sainte Anne
150794880,NCT03069703,OTHER,collaborator,CIC 1417 Cochin-Pasteur
150794881,NCT03069703,UNKNOWN,collaborator,Groupe Français d'Etude des Vascularites (GFEV)
150445709,NCT02704455,OTHER_GOV,collaborator,Shenzhen Children's Hospital
150445710,NCT02704455,OTHER,collaborator,The First Affiliated Hospital of Xiamen University
150445711,NCT02704455,OTHER,collaborator,First Affiliated Hospital of Guangxi Medical University
150445712,NCT01239953,OTHER,collaborator,"Hospital San Carlos, Madrid"
150794882,NCT00022659,NETWORK,collaborator,Gynecologic Oncology Group
150794883,NCT03405675,OTHER,collaborator,Karolinska Institutet
150794884,NCT03405675,OTHER,collaborator,Tan Tock Seng Hospital
150794885,NCT03405675,OTHER,collaborator,Ng Teng Fong General Hospital
150794886,NCT03405675,OTHER,collaborator,"St Luke's Hospital, Singapore"
150794887,NCT03405675,OTHER,collaborator,"St. Paul's Hospital, Canada"
150445713,NCT01239953,INDUSTRY,collaborator,B.Braun Surgical SA
150445714,NCT01239953,INDUSTRY,collaborator,Abbott Medical Devices
150794888,NCT03405675,OTHER,collaborator,Singapore Institute of Technology
150445715,NCT03848325,NIH,collaborator,"National Heart, Lung, and Blood Institute (NHLBI)"
150794889,NCT03405675,OTHER,collaborator,Duke-NUS Graduate Medical School
150794890,NCT03405675,OTHER,collaborator,Melbourne Health
150794891,NCT03405675,OTHER,collaborator,University of California
150794892,NCT03405675,OTHER,collaborator,"University Hospital, Basel, Switzerland"
150794893,NCT03405675,OTHER,collaborator,Université de Sherbrooke
150794894,NCT03405675,OTHER,collaborator,University Hospital Tuebingen
150794895,NCT03405675,OTHER,collaborator,"National University Hospital, Singapore"
150445716,NCT05163080,OTHER,collaborator,Translational Drug Development
150794896,NCT03405675,OTHER,collaborator,Khoo Teck Puat Hospital
150445717,NCT05163080,UNKNOWN,collaborator,Merit
150794897,NCT03405675,OTHER,collaborator,Shanghai Jiao Tong University School of Medicine
150794898,NCT03405675,OTHER,collaborator,University of British Columbia
150794899,NCT04618237,INDUSTRY,collaborator,Sanofi
150794900,NCT04255953,OTHER,collaborator,National Multiple Sclerosis Society
150794901,NCT04255953,OTHER,collaborator,University of Kansas Medical Center
150794902,NCT04255953,OTHER,collaborator,Children's Mercy Hospital Kansas City
150445718,NCT04172181,OTHER,collaborator,Shanghai Children's Hospital
150794903,NCT00637754,INDUSTRY,collaborator,Medtronic
150794904,NCT00637754,INDUSTRY,collaborator,Abbott Medical Devices
150445719,NCT04172181,OTHER,collaborator,Children's Hospital of Soochow University
150794905,NCT00637754,INDUSTRY,collaborator,Boston Scientific Corporation
150445720,NCT04172181,OTHER,collaborator,Beijing Children's Hospital
150445721,NCT04172181,OTHER,collaborator,Guangzhou Women and Children's Medical Center
150794906,NCT03374943,INDUSTRY,collaborator,"Humanigen, Inc."
150445722,NCT04172181,OTHER_GOV,collaborator,Shenzhen Children's Hospital
150794907,NCT03354936,OTHER,collaborator,Pitié-Salpêtrière Hospital
150445723,NCT04172181,OTHER,collaborator,Wuhan Women and Children's Medical Center
150445724,NCT04172181,OTHER,collaborator,Children's Hospital of Nanjing Medical University
150794908,NCT03354936,OTHER,collaborator,Bicetre Hospital
150445725,NCT04172181,OTHER,collaborator,The First Affiliated Hospital of Zhengzhou University
150445726,NCT06310876,INDUSTRY,collaborator,AbbVie
150794909,NCT00448201,NIH,collaborator,National Cancer Institute (NCI)
150794910,NCT04505839,INDUSTRY,collaborator,"KCRN Research, LLC"
150794911,NCT05461833,UNKNOWN,collaborator,"Ukrainian Research and Practical Centre of Endocrine Surgery, Transplantation of Endocrine Organs and Tissues of the Ministry of Health of Ukraine"
150794912,NCT00901953,OTHER_GOV,collaborator,Sorlandet Hospital HF
150445727,NCT02684825,UNKNOWN,collaborator,"Associazione Italiana Aritmologia e Cardiostimolazione (A.I.A.C.) - Stefano Strano, MD"
150445728,NCT02684825,INDUSTRY,collaborator,Boehringer Ingelheim
150794913,NCT01510080,OTHER,collaborator,"Central Institute of Mental Health, Mannheim"
150794914,NCT06050616,UNKNOWN,collaborator,Delosis Limited
150794915,NCT06050616,UNKNOWN,collaborator,NeuroSpin
150794916,NCT00005704,NIH,collaborator,"National Heart, Lung, and Blood Institute (NHLBI)"
150794917,NCT05653063,NIH,collaborator,National Institutes of Health (NIH)
150445729,NCT02684825,UNKNOWN,collaborator,Medtronic Italia S.p.A.
150794918,NCT05653063,OTHER,collaborator,Rising Tide Foundation
150794919,NCT05653063,OTHER_GOV,collaborator,Medical Research Council
150794920,NCT05653063,OTHER_GOV,collaborator,Tata Memorial Hospital
150794921,NCT05653063,OTHER,collaborator,Tata Memorial Centre
150794922,NCT05653063,OTHER,collaborator,University of Stellenbosch
150794923,NCT05653063,OTHER,collaborator,King Hussein Cancer Center
150794924,NCT05653063,OTHER,collaborator,University of Malaya
150445730,NCT02684825,UNKNOWN,collaborator,Bayer S.p.A
150445731,NCT02485873,INDUSTRY,collaborator,"Janssen, LP"
150794925,NCT05653063,OTHER,collaborator,University Ghent
150445732,NCT03909152,INDUSTRY,collaborator,Context Therapeutics Inc.
150794926,NCT05653063,OTHER,collaborator,M.D. Anderson Cancer Center
150794927,NCT05653063,OTHER,collaborator,Mount Vernon Cancer Centre at Mount Vernon Hospital
150445733,NCT03546309,UNKNOWN,collaborator,The Fifth Medical Center of the Chinese People's Liberation Army (PLA) General Hospital
150794928,NCT05653063,OTHER,collaborator,University of Cape Town
150445734,NCT04081493,OTHER,collaborator,Horsens Hospital
150794929,NCT05653063,NIH,collaborator,National Cancer Institute (NCI)
150794930,NCT03414385,NIH,collaborator,National Institute of Diabetes and Digestive and Kidney Diseases (NIDDK)
150794931,NCT03414385,FED,collaborator,US Department of Veterans Affairs
150445735,NCT04081493,OTHER,collaborator,Regionshospitalet Silkeborg
150445736,NCT04430452,INDUSTRY,collaborator,AstraZeneca
150794932,NCT05435482,OTHER,collaborator,Duke Clinical Research Institute
150794933,NCT05435482,NIH,collaborator,National Institute on Minority Health and Health Disparities (NIMHD)
150794934,NCT02136953,OTHER_GOV,collaborator,Canadian Institutes of Health Research (CIHR)
150794935,NCT02136953,OTHER,collaborator,Centre for Addiction and Mental Health
150445737,NCT06644573,INDUSTRY,collaborator,Masimo Corporation
150445738,NCT06644573,INDUSTRY,collaborator,PROSOMNIA Sleep Health & Wellness
150445739,NCT04086745,INDUSTRY,collaborator,Incyte Corporation
150794936,NCT02136953,OTHER,collaborator,McMaster University
150445740,NCT04935606,NIH,collaborator,National Institute on Drug Abuse (NIDA)
150445741,NCT04935606,OTHER,collaborator,University of Arkansas
150445742,NCT04935606,OTHER,collaborator,Medical University of South Carolina
150794937,NCT02136953,OTHER,collaborator,Toronto Metropolitan University
150794938,NCT02145338,OTHER,collaborator,NHS Health Technology Assessment Programme
150968963,NCT02046551,FED,collaborator,VA Office of Research and Development
150794939,NCT02145338,OTHER,collaborator,Newcastle University
150310217,NCT01831843,OTHER,lead,Seoul National University Hospital
150445743,NCT02938130,UNKNOWN,collaborator,Community Living And Support Services
150445744,NCT02938130,UNKNOWN,collaborator,Community LIFE
150445745,NCT00256594,FED,collaborator,Health Resources and Services Administration (HRSA)
150794940,NCT02145338,OTHER,collaborator,Glasgow Caledonian University
150445746,NCT00006394,OTHER,collaborator,University of Pennsylvania
150445747,NCT03525236,INDUSTRY,collaborator,"Nutricia, Inc."
150794941,NCT02145338,OTHER,collaborator,University of Aberdeen
150794942,NCT02145338,OTHER,collaborator,Cambridge University Hospitals NHS Foundation Trust
150794943,NCT02145338,OTHER,collaborator,North Bristol NHS Trust
150794944,NCT02145338,OTHER,collaborator,University of Southampton
150794945,NCT05781412,OTHER,collaborator,Vrije Universiteit Brussel
150794946,NCT05781412,OTHER,collaborator,University Ghent
150794947,NCT05781412,OTHER,collaborator,Universitair Ziekenhuis Brussel
150794948,NCT06343298,OTHER,collaborator,Mayo Clinic
150794949,NCT06343298,INDUSTRY,collaborator,"PPD Development, LP"
150794950,NCT04028921,NIH,collaborator,National Institute of Diabetes and Digestive and Kidney Diseases (NIDDK)
150794951,NCT05349227,INDUSTRY,collaborator,Daiichi Sankyo
150794952,NCT05349227,INDUSTRY,collaborator,GlaxoSmithKline
150794953,NCT05349227,OTHER,collaborator,University of Nebraska
150794954,NCT05349227,OTHER,collaborator,Ohio State University Comprehensive Cancer Center
150794955,NCT05349227,OTHER,collaborator,"The University of Texas Health Science Center, Houston"
150794956,NCT05349227,OTHER,collaborator,M.D. Anderson Cancer Center
150794957,NCT05349227,OTHER,collaborator,University of Florida
150794958,NCT05349227,OTHER,collaborator,Memorial Sloan Kettering Cancer Center
150794959,NCT05349227,OTHER,collaborator,Dana-Farber Cancer Institute
150445748,NCT01668784,INDUSTRY,collaborator,Ono Pharmaceutical Co. Ltd
150445749,NCT02318316,OTHER,collaborator,The Scientific and Technological Research Council of Turkey
150445750,NCT02761330,OTHER,collaborator,James S McDonnell Foundation
150445751,NCT00602602,NIH,collaborator,National Cancer Institute (NCI)
150445752,NCT02578147,NIH,collaborator,National Institute of Nursing Research (NINR)
150445753,NCT01356576,OTHER,collaborator,Staten Island University Hospital
150445754,NCT01547611,OTHER,collaborator,"University Hospital, Linkoeping"
150445755,NCT01547611,OTHER,collaborator,Karolinska University Hospital
150445756,NCT01547611,OTHER,collaborator,Ryhov County Hospital
150445757,NCT01547611,OTHER,collaborator,Lund University Hospital
150445758,NCT03994081,OTHER,collaborator,"Foundation of Hope, North Carolina"
150445759,NCT03131024,OTHER,collaborator,Susan G. Komen Breast Cancer Foundation
150445760,NCT04696484,OTHER,collaborator,Cystic Fibrosis Foundation
150445761,NCT05125835,OTHER,collaborator,"Dr. Peter C. Fritz, Periodontal Wellness & Implant Surgery"
150445762,NCT01511406,OTHER,collaborator,Stiftelsen Helse og Rehabilitering
150445763,NCT02845323,INDUSTRY,collaborator,Bristol-Myers Squibb
150445764,NCT00685230,OTHER,collaborator,University of Arizona
150445765,NCT00685230,OTHER,collaborator,Universidad Nacional Autonoma de Mexico
150445766,NCT00771758,INDUSTRY,collaborator,Grünenthal GmbH
150445767,NCT00048425,INDUSTRY,collaborator,"Orion Corporation, Orion Pharma"
150445768,NCT05382845,OTHER,collaborator,Lund University
150445769,NCT04324827,OTHER,collaborator,Medipol University
150445770,NCT05672381,OTHER,collaborator,Dartmouth College
150445771,NCT02977663,INDUSTRY,collaborator,General Electric
150445772,NCT02867436,OTHER_GOV,collaborator,Faculty Hospital Kralovske Vinohrady
150445773,NCT02867436,OTHER,collaborator,Czech Academy of Sciences
150445774,NCT00872820,NIH,collaborator,National Institute of Mental Health (NIMH)
150445775,NCT05826314,UNKNOWN,collaborator,Faculdade de Desporto da Universidade do Porto
150445776,NCT05826314,OTHER,collaborator,"Foundation for Science and Technology, Portugal"
150445777,NCT06471972,OTHER,collaborator,University of Helsinki
150445778,NCT06471972,OTHER,collaborator,The George Institute
150445779,NCT06471972,OTHER,collaborator,"Copenhagen Trial Unit, Center for Clinical Intervention Research"
150445780,NCT06471972,OTHER,collaborator,Medical Research Institute of New Zealand
150445781,NCT03804528,NIH,collaborator,National Center for Advancing Translational Sciences (NCATS)
150445782,NCT04853186,OTHER,collaborator,Wellcome Trust
150445783,NCT04853186,OTHER,collaborator,"Médecins Sans Frontières, France"
150445784,NCT04853186,OTHER_GOV,collaborator,"Ministry of Public Health, Democratic Republic of the Congo"
150445785,NCT04853186,UNKNOWN,collaborator,"Institut National de Recherche Biomédicale. Goma, République Démocratique du Congo"
150445786,NCT04853186,UNKNOWN,collaborator,Grand Labo de Lubumbashi
150445787,NCT04114123,OTHER,collaborator,American Heart Association
150445788,NCT02371044,OTHER,collaborator,Heart and Diabetes Center North Rhine-Westphalia
150445789,NCT02023086,INDUSTRY,collaborator,"Genzyme, a Sanofi Company"
150445790,NCT06595979,OTHER_GOV,collaborator,Ningbo Medical Center Lihuili Hospital
150445791,NCT06595979,OTHER,collaborator,First Affiliated Hospital of Wenzhou Medical University
150445792,NCT06593223,UNKNOWN,collaborator,"Shenzhen Fiber Medical Technology Co., Ltd."
150445793,NCT06596512,OTHER,collaborator,Patient-Centered Outcomes Research Institute
150445794,NCT06595927,OTHER,collaborator,University of Liege
150445795,NCT06443814,OTHER,collaborator,Morehouse School of Medicine
150445796,NCT06443814,OTHER,collaborator,Howard University
150445797,NCT06988410,NIH,collaborator,National Institute on Aging (NIA)
150445798,NCT06988410,OTHER,collaborator,Innovations for Poverty Action
150445799,NCT05762757,UNKNOWN,collaborator,American Association of Obstetricians and Gynecologists
150445800,NCT04272242,INDUSTRY,collaborator,ViiV Healthcare
150794960,NCT05349227,INDUSTRY,collaborator,Gilead Sciences
150794961,NCT05349227,NIH,collaborator,National Institute of Nursing Research (NINR)
150794962,NCT03660644,OTHER_GOV,collaborator,"National Health Service, United Kingdom"
150794963,NCT03660644,OTHER,collaborator,British Lung Foundation
150445801,NCT06596863,OTHER,collaborator,Ain Shams University
150445802,NCT06604611,OTHER_GOV,collaborator,National Natural Science Foundation of China
150794964,NCT03660644,OTHER,collaborator,"University College, London"
150445803,NCT06597045,INDUSTRY,collaborator,Roche Diagnostics GmbH
150445804,NCT06597045,OTHER,collaborator,University of Glasgow
150794965,NCT03660644,OTHER,collaborator,University of Oxford
150445805,NCT06587061,INDUSTRY,collaborator,"Jiangsu HengRui Medicine Co., Ltd."
150794966,NCT06612645,OTHER,collaborator,King Chulalongkorn Memorial Hospital
150445806,NCT06589947,UNKNOWN,collaborator,Heidelberg; University of Heidelberg
150794967,NCT05534711,OTHER,collaborator,McMaster University
150445807,NCT06589947,UNKNOWN,collaborator,Berlin; Charité
150445808,NCT06589947,UNKNOWN,collaborator,Bonn; Kindernieren-zentrum Bonn
150445809,NCT06589947,UNKNOWN,collaborator,Essen; University Hospital Essen
150445810,NCT06589947,UNKNOWN,collaborator,Frankfurt; Clementine Kinderhospital
150445811,NCT06589947,UNKNOWN,collaborator,Hamburg; University Hospital Hamburg-Eppendorf
150794968,NCT05534711,OTHER_GOV,collaborator,Canadian Institutes of Health Research (CIHR)
150445812,NCT06589947,UNKNOWN,collaborator,Stuttgart; Olgahospital
150794969,NCT05047718,INDUSTRY,collaborator,"Sanofi Pasteur, a Sanofi Company"
150445813,NCT06589947,UNKNOWN,collaborator,Ankara; Hacettepe University Hospital
150445814,NCT06589947,UNKNOWN,collaborator,Vienna; University Hospital Vienna
150445815,NCT06595914,FED,collaborator,U.S. Army Medical Research Acquisition Activity
150445816,NCT06595914,OTHER,collaborator,Ohio State University
150445817,NCT06590714,INDUSTRY,collaborator,"Dong-A ST Co., Ltd."
150445818,NCT06590714,OTHER,collaborator,Seoul National University Hospital
150445819,NCT06601491,OTHER,collaborator,Aristotle University Of Thessaloniki
150445820,NCT06601491,OTHER,collaborator,Harokopio University
150445821,NCT06590831,OTHER,collaborator,Al-Azhar University
150445822,NCT06601088,OTHER,collaborator,Danderyd Hospital
150445823,NCT06984952,OTHER,collaborator,Seoul National University Bundang Hospital
150445824,NCT06984952,OTHER,collaborator,Seoul National University Boramae Hospital
150445825,NCT06984952,OTHER,collaborator,Severance Hospital
150445826,NCT06984952,OTHER,collaborator,Chungnam National University Hospital
150445827,NCT06984952,OTHER,collaborator,Keimyung University Dongsan Medical Center
150445828,NCT06984952,OTHER_GOV,collaborator,"National Cancer Center, Korea"
150445829,NCT06984952,OTHER,collaborator,The Catholic University of Korea
150445830,NCT06984952,OTHER,collaborator,Ajou University School of Medicine
150445831,NCT06984952,OTHER,collaborator,Pusan National University Hospital
150445832,NCT06985875,OTHER,collaborator,Instituto Universitario de Oftalmobiología Aplicada (Institute of Applied Ophthalmobiology) - IOBA
150445833,NCT06989593,UNKNOWN,collaborator,Harvard Catalyst Pilot Grant
150445834,NCT06003283,UNKNOWN,collaborator,Fonds voor Wetenschappelijk Reumaonderzoek (FWRO)
150445835,NCT06862622,NIH,collaborator,National Institutes of Health (NIH)
150445836,NCT05523089,INDUSTRY,collaborator,Janssen Pharmaceuticals
150445837,NCT06997939,UNKNOWN,collaborator,"Nantong Shengyuan Stem Cell Techology Co., Ltd"
150445838,NCT06999928,NIH,collaborator,Eunice Kennedy Shriver National Institute of Child Health and Human Development (NICHD)
150794970,NCT05047718,INDUSTRY,collaborator,"Bioster, a.s."
150794971,NCT05812807,NIH,collaborator,National Cancer Institute (NCI)
150445839,NCT06998654,OTHER,collaborator,Western Norway University of Applied Sciences
150445840,NCT06999798,NIH,collaborator,National Institute for Biomedical Imaging and Bioengineering (NIBIB)
150445841,NCT06998940,NIH,collaborator,National Cancer Institute (NCI)
150445842,NCT06998316,UNKNOWN,collaborator,"Clinique des Cèdres, Echirolles"
150445843,NCT06999408,INDUSTRY,collaborator,"Benev Company, Inc."
150445844,NCT06999317,UNKNOWN,collaborator,VISUAL INTERACTION & COMMUNICATION TECHNOLOGIES - VICOMTECH
150794972,NCT06157281,NIH,collaborator,National Institute of Mental Health (NIMH)
150794973,NCT06157281,OTHER,collaborator,University of Stellenbosch
150794974,NCT06157281,UNKNOWN,collaborator,Western Cape Department of Health and Wellness
150445845,NCT06999317,NETWORK,collaborator,Clinic for Cardiovascular Diseases Magdalena
150794975,NCT02420613,NIH,collaborator,National Cancer Institute (NCI)
150794976,NCT04018677,NIH,collaborator,National Institutes of Health (NIH)
150794977,NCT04018677,OTHER,collaborator,Medable Inc.
150445846,NCT06999317,INDUSTRY,collaborator,Biokeralty Research Institute
150794978,NCT00376077,INDUSTRY,collaborator,Bayer
150794979,NCT02523339,OTHER,collaborator,"University Hospital, Basel, Switzerland"
150794980,NCT02523339,OTHER,collaborator,Aston University
150445847,NCT06999317,OTHER,collaborator,Keralty SAS. Colombia
150445848,NCT06999317,UNKNOWN,collaborator,ETHNIKO KAI KAPODISTRIAKO PANEPISTIMIO ATHINON
150794981,NCT02523339,OTHER,collaborator,University of Jena
150794982,NCT02523339,OTHER,collaborator,Medical University of Vienna
150794983,NCT02523339,OTHER,collaborator,University of Aarhus
150794984,NCT02523339,UNKNOWN,collaborator,Clinical Research Center Memorial A. de Rothschild
150794985,NCT02523339,OTHER,collaborator,Palacky University
150794986,NCT02523339,OTHER,collaborator,University of Toyama
150445849,NCT06999317,OTHER,collaborator,Fundación Pública Andaluza para la gestión de la Investigación en Sevilla
150445850,NCT06999317,OTHER,collaborator,"University of Dublin, Trinity College"
150445851,NCT06999317,UNKNOWN,collaborator,TREE Technology S.A.
150445852,NCT06999317,OTHER,collaborator,Dublin City University
150968964,NCT01958944,OTHER,collaborator,Soroka University Medical Center
150794987,NCT02757872,OTHER,collaborator,Brigham and Women's Hospital
150794988,NCT02757872,NIH,collaborator,National Institute of Diabetes and Digestive and Kidney Diseases (NIDDK)
150794989,NCT00146367,OTHER,collaborator,University of North Carolina
150794990,NCT04956874,OTHER,collaborator,AdventHealth
150445853,NCT06999317,OTHER,collaborator,Tampere University
150445854,NCT06999317,OTHER,collaborator,Ben-Gurion University of the Negev
150445855,NCT06999317,OTHER,collaborator,Biogipuzkoa Health Research Institute
150445856,NCT06999317,OTHER,collaborator,Vilnius University Hospital Santaros Klinikos
150445857,NCT07000019,NIH,collaborator,National Institute on Deafness and Other Communication Disorders (NIDCD)
150794991,NCT03231280,INDUSTRY,collaborator,Nordic Bioscience A/S
150794992,NCT02073240,FED,collaborator,United States President's Emergency Plan for AIDS Relief
150445858,NCT07000019,OTHER,collaborator,New York University
150445859,NCT06597864,OTHER,collaborator,"University Hospital, Akershus"
150794993,NCT01232738,UNKNOWN,collaborator,Western ALS Study Group
150794994,NCT04651790,OTHER_GOV,collaborator,"Ministry of Health, Chile"
150794995,NCT04651790,INDUSTRY,collaborator,"Sinovac Biotech Co., Ltd"
150794996,NCT00683683,OTHER,collaborator,Heart and Stroke Foundation of Canada
150794997,NCT00683683,INDUSTRY,collaborator,Laerdal Medical
150445860,NCT06604663,UNKNOWN,collaborator,Moi University College of Health Sciences
150445861,NCT06604663,OTHER,collaborator,Moi Teaching and Referral Hospital
150445862,NCT06604663,NIH,collaborator,National Institute of Allergy and Infectious Diseases (NIAID)
150445863,NCT05884645,OTHER,collaborator,Copenhagen Academy for Medical Education and Simulation
150445864,NCT06700668,FED,collaborator,U.S. Army Medical Research and Development Command
150445865,NCT06279351,OTHER,collaborator,Chongqing Medical University
150794998,NCT02979249,NIH,collaborator,National Institute of Diabetes and Digestive and Kidney Diseases (NIDDK)
150794999,NCT02781090,OTHER,collaborator,Westat
150795000,NCT02781090,OTHER,collaborator,Johns Hopkins University
150795001,NCT00003124,NIH,collaborator,National Cancer Institute (NCI)
150795002,NCT03968380,OTHER,collaborator,European Research Council
150445866,NCT06921551,UNKNOWN,collaborator,Fundación Esclerosis Múltiple Madrid (FEMM)
150445867,NCT06934382,INDUSTRY,collaborator,Beam Therapeutics Inc.
150445868,NCT06936566,INDUSTRY,collaborator,Incyte Corporation
150445869,NCT06936566,NIH,collaborator,National Cancer Institute (NCI)
150795003,NCT00805805,FED,collaborator,FDA Office of Orphan Products Development
150620760,NCT00794625,OTHER,collaborator,University of Texas
150445871,NCT06844383,INDUSTRY,collaborator,Pfizer
150445872,NCT06844383,OTHER,collaborator,Dana-Farber Cancer Institute
150445873,NCT06844383,OTHER,collaborator,Memorial Sloan Kettering Cancer Center
150445874,NCT05616585,NIH,collaborator,National Institute of Diabetes and Digestive and Kidney Diseases (NIDDK)
150795004,NCT06094946,OTHER,collaborator,Helsinki University Central Hospital
150445875,NCT06893029,OTHER,collaborator,"University Hospital, Zürich"
150795005,NCT03117829,NIH,collaborator,National Institute on Aging (NIA)
150445876,NCT06893029,OTHER,collaborator,BrainCare Medical Group
150445877,NCT04067661,OTHER,collaborator,"University of California, San Francisco"
150795006,NCT03265171,OTHER,collaborator,Cedars-Sinai Medical Center
150795007,NCT03265171,OTHER,collaborator,Vanderbilt University Medical Center
150445878,NCT04067661,OTHER,collaborator,Emory University
150445879,NCT04067661,OTHER,collaborator,"Research Foundation for Mental Hygiene, Inc."
150445880,NCT05860946,OTHER,lead,Huashan Hospital
150445881,NCT00018148,FED,lead,US Department of Veterans Affairs
150795008,NCT03265171,OTHER,collaborator,"Indiana Hemophilia &Thrombosis Center, Inc."
150795009,NCT03385590,OTHER,collaborator,Michigan State University
150795010,NCT01486290,OTHER,collaborator,American Diabetes Association
150795011,NCT01807338,INDUSTRY,collaborator,Medtronic
150795012,NCT01807338,INDUSTRY,collaborator,TFS Trial Form Support
150795013,NCT02137317,OTHER,collaborator,University of Copenhagen
150795014,NCT02137317,OTHER,collaborator,Odense University Hospital
150795015,NCT02137317,UNKNOWN,collaborator,Dialogos
150795016,NCT02137317,UNKNOWN,collaborator,Nepal Development Society
150445882,NCT04948216,OTHER,lead,Peking University Third Hospital
150795017,NCT02137317,UNKNOWN,collaborator,Nepal Public Health Foundation
150445883,NCT06245343,OTHER,lead,Gazi University
150445884,NCT04602663,OTHER,lead,Tanta University
150445885,NCT02263599,OTHER,lead,Zealand University Hospital
150795018,NCT02137317,UNKNOWN,collaborator,Nepal Red Cross Society
150445886,NCT01183806,OTHER,lead,Federal University of Bahia
150795019,NCT02137317,UNKNOWN,collaborator,Dansk Selskab for Arbejds- og Miljømedicin
150445887,NCT01105481,OTHER,lead,"National Health Research Institutes, Taiwan"
150795020,NCT02137317,OTHER,collaborator,"The Augustinus Foundation, Denmark."
150445888,NCT01883258,OTHER,lead,University of Florida
150445889,NCT06472362,OTHER,lead,Royal Brompton & Harefield NHS Foundation Trust
150445890,NCT01972217,INDUSTRY,lead,AstraZeneca
150445891,NCT02670317,OTHER,lead,Fondazione Italiana Linfomi - ETS
150445892,NCT04684888,OTHER,lead,Suzan A Rattan
150445893,NCT06025773,INDUSTRY,lead,Addpharma Inc.
150445894,NCT01766934,INDUSTRY,lead,Sandoz
150445895,NCT04841122,OTHER,lead,Aalborg University Hospital
150445896,NCT05291520,INDUSTRY,lead,ViiV Healthcare
150445897,NCT01615120,INDUSTRY,lead,GTx
150795021,NCT02137317,UNKNOWN,collaborator,Else og Mogens Wedell Wedellsborgs Foundation
150795022,NCT02137317,UNKNOWN,collaborator,Syngenta
150795023,NCT02137317,INDUSTRY,collaborator,BASF
150445898,NCT00648609,OTHER,lead,Essentia Health
150445899,NCT02700061,OTHER,lead,University of Sao Paulo General Hospital
150445900,NCT04395976,OTHER,lead,British Ayurvedic Medical Council
150445901,NCT01702311,OTHER,lead,Emory University
150445902,NCT05304039,OTHER,lead,Franciscus Gasthuis
150445903,NCT01314313,INDUSTRY,lead,Edwards Lifesciences
150445904,NCT03902431,OTHER,lead,University of Rochester
150795024,NCT00948649,INDUSTRY,collaborator,AstraZeneca
150445905,NCT00830882,OTHER,lead,University of Dundee
150445906,NCT05371626,OTHER,lead,Minia University
150445907,NCT03572517,OTHER,lead,AC Camargo Cancer Center
150445908,NCT04618302,OTHER,lead,Thomas Radtke
150445909,NCT02170376,INDUSTRY,lead,Bial - Portela C S.A.
150445910,NCT03669536,OTHER,lead,Tarumanagara University
150445911,NCT03175367,INDUSTRY,lead,Regeneron Pharmaceuticals
150445912,NCT04424095,OTHER,lead,University of Catanzaro
150445913,NCT03005444,OTHER,lead,"Air Force Military Medical University, China"
150445914,NCT00901836,OTHER,lead,University of Florida
150445915,NCT05600634,OTHER,lead,"Second Affiliated Hospital, School of Medicine, Zhejiang University"
150445916,NCT00809185,OTHER,lead,Case Comprehensive Cancer Center
150445917,NCT05049252,OTHER,lead,University of Aarhus
150445918,NCT06029946,OTHER,lead,Assiut University
150445919,NCT04301960,OTHER,lead,Eastern Mediterranean University
150445920,NCT06520501,OTHER,lead,Universitas Palangka Raya
150445921,NCT02581813,OTHER,lead,Brock University
150445922,NCT00003403,INDUSTRY,lead,Gem Pharmaceuticals
150445923,NCT05740072,OTHER,lead,University Hospital Padova
150445924,NCT02451722,OTHER_GOV,lead,Sheba Medical Center
150445925,NCT03593369,INDUSTRY,lead,KLOX Technologies Inc.
150445926,NCT02576483,OTHER,lead,Stanford University
150445927,NCT02464540,OTHER,lead,Federal University of Pelotas
150445928,NCT03304626,OTHER,lead,University of Cincinnati
150445929,NCT03519035,OTHER,lead,"University Hospital, Toulouse"
150445930,NCT06429917,OTHER,lead,Postgraduate Institute of Dental Sciences Rohtak
150445931,NCT00027534,OTHER,lead,"Michael Morse, MD"
150445932,NCT05856721,OTHER,lead,Sohag University
150445933,NCT04162418,INDUSTRY,lead,"ReFlow Medical, Inc."
150445934,NCT05330559,OTHER,lead,Fondazione I.R.C.C.S. Istituto Neurologico Carlo Besta
150445935,NCT02443688,OTHER,lead,"Celtaxsys, Inc."
150445936,NCT04228523,OTHER,lead,"University Hospital, Toulouse"
150445937,NCT00904943,INDUSTRY,lead,Teva Pharmaceuticals USA
150445938,NCT05203614,OTHER,lead,M.D. Anderson Cancer Center
150445939,NCT04103138,OTHER_GOV,lead,KK Women's and Children's Hospital
150445940,NCT02087761,INDUSTRY,lead,Luminex Corporation
150445941,NCT01148368,INDUSTRY,lead,"Boryung Pharmaceutical Co., Ltd"
150445942,NCT00894816,OTHER,lead,Umeå University
150445943,NCT01815918,OTHER,lead,"Hospital for Special Surgery, New York"
150445944,NCT05771987,OTHER,lead,Istituto Auxologico Italiano
150445945,NCT01334177,OTHER,lead,University of Washington
150445946,NCT01074502,OTHER,lead,"University of North Carolina, Chapel Hill"
150445947,NCT03350685,OTHER,lead,"University Hospital, Brest"
150445948,NCT05889728,OTHER,lead,"St Vincent's Hospital, Sydney"
150445949,NCT04907396,OTHER,lead,Tufts University
151142707,NCT02411344,UNKNOWN,collaborator,Association for Translational Research in Oncology (AS.T.R.O.)
150445950,NCT01535339,INDUSTRY,lead,ElMindA Ltd
150445951,NCT00001188,NIH,lead,National Cancer Institute (NCI)
150445952,NCT01128374,OTHER,lead,"The University of Texas Health Science Center, Houston"
150445953,NCT00634023,INDUSTRY,lead,AstraZeneca
150445954,NCT01708200,OTHER,lead,St. Joseph's Healthcare Hamilton
150445955,NCT01611844,OTHER,lead,Hospices Civils de Lyon
150445956,NCT02040324,OTHER,lead,Universitätsklinikum Hamburg-Eppendorf
150445957,NCT00298402,OTHER,lead,Imperial College London
150445958,NCT01703143,OTHER,lead,Mayo Clinic
150445959,NCT00011687,NIH,lead,National Institute of Environmental Health Sciences (NIEHS)
150445960,NCT01792895,OTHER,lead,Universidad Rey Juan Carlos
150445961,NCT03410277,OTHER,lead,University of Minnesota
150445962,NCT00853307,INDUSTRY,lead,"Millennium Pharmaceuticals, Inc."
150445963,NCT03643848,OTHER,lead,Florida International University
150445964,NCT00896077,INDUSTRY,lead,"DiaKine Therapeutics, Inc."
150445965,NCT01080079,INDUSTRY,lead,"Nitric BioTherapeutics, Inc"
150445966,NCT00473564,OTHER,lead,University of Alabama at Birmingham
150445967,NCT00674817,INDUSTRY,lead,Theravance Biopharma
150445968,NCT00959855,OTHER,lead,Beaumont Hospital
150445969,NCT00733018,OTHER,lead,Norwegian University of Science and Technology
150445970,NCT06514625,OTHER_GOV,lead,Konya Beyhekim Training and Research Hospital
150445971,NCT04490070,OTHER,lead,Universidad de Granada
150445972,NCT04169217,OTHER,lead,Guy's and St Thomas' NHS Foundation Trust
150445973,NCT02135432,OTHER,lead,University of Alabama at Birmingham
150445974,NCT04105036,OTHER,lead,Jewish General Hospital
150445975,NCT04681443,OTHER_GOV,lead,Gulhane Training and Research Hospital
150445976,NCT00667199,INDUSTRY,lead,Bayer
150445977,NCT06071078,OTHER,lead,Hospices Civils de Lyon
150445978,NCT06499363,INDUSTRY,lead,Ferrer Internacional S.A.
150445979,NCT03710499,OTHER,lead,Centro Universitário Augusto Motta
150445980,NCT00887536,NETWORK,lead,NSABP Foundation Inc
150445981,NCT03264677,INDUSTRY,lead,Johnson & Johnson Pte Ltd
151142708,NCT01145794,OTHER,collaborator,Flight Attendant Medical Research Institute
151142709,NCT01160380,INDUSTRY,collaborator,Cephalon
151142710,NCT04562857,OTHER,collaborator,Swinburne University of Technology
151142711,NCT04562857,OTHER_GOV,collaborator,"National Heart Institute, Egypt"
150445982,NCT05784896,OTHER,lead,Assiut University
150445983,NCT00898417,NETWORK,lead,ECOG-ACRIN Cancer Research Group
150445984,NCT02908061,OTHER,lead,Memorial Sloan Kettering Cancer Center
150445985,NCT00520182,OTHER,lead,Ben-Gurion University of the Negev
150445986,NCT05419583,OTHER,lead,University of Edinburgh
150445987,NCT02433418,OTHER,lead,Cairo University
150445988,NCT04154072,INDUSTRY,lead,"Neuraly, Inc."
150445989,NCT01417806,FED,lead,South Florida Veterans Affairs Foundation for Research and Education
150445990,NCT05728437,OTHER,lead,Cairo University
150795025,NCT05054803,OTHER,collaborator,Institut Guttmann
150795026,NCT05054803,UNKNOWN,collaborator,Academic Research Organization (ARO) - VHIR
150445991,NCT04306276,OTHER,lead,Ospedale Policlinico San Martino
150795027,NCT05054803,OTHER,collaborator,Complexo Hospitalario Universitario de A Coruña
150795028,NCT02299414,OTHER,collaborator,Columbia University
150795029,NCT02299414,OTHER,collaborator,Drexel University College of Medicine
150795030,NCT02299414,OTHER,collaborator,"Rutgers, The State University of New Jersey"
150795031,NCT02299414,OTHER,collaborator,Lehigh Valley Hospital
150795032,NCT02299414,OTHER,collaborator,Saint Peters University Hospital
150795033,NCT02299414,OTHER,collaborator,Christiana Care Health Services
150795034,NCT02299414,OTHER,collaborator,Washington University School of Medicine
150795035,NCT02299414,OTHER,collaborator,Duke University
150795036,NCT02299414,OTHER,collaborator,University of Texas Southwestern Medical Center
150795037,NCT02299414,OTHER,collaborator,"The University of Texas Health Science Center, Houston"
150795038,NCT02299414,OTHER,collaborator,Stanford University
150795039,NCT02299414,OTHER,collaborator,University of Pennsylvania
150795040,NCT02299414,OTHER,collaborator,"The University of Texas Medical Branch, Galveston"
150795041,NCT02299414,OTHER,collaborator,University of Utah
150795042,NCT02299414,OTHER,collaborator,"Intermountain Health Care, Inc."
150795043,NCT02299414,OTHER,collaborator,"University of California, San Francisco"
150795044,NCT02299414,OTHER,collaborator,Johns Hopkins University
150795045,NCT02299414,OTHER,collaborator,University of Pittsburgh
150795046,NCT02299414,OTHER,collaborator,Ochsner Health System
150795047,NCT02299414,OTHER,collaborator,"University of North Carolina, Chapel Hill"
150795048,NCT02299414,NIH,collaborator,"National Heart, Lung, and Blood Institute (NHLBI)"
150795049,NCT02299414,OTHER,collaborator,WakeMed Health and Hospitals
150445992,NCT00976183,OTHER,lead,Gynecologic Oncology Associates
150795050,NCT02299414,OTHER,collaborator,San Francisco General Hospital
150795051,NCT02299414,OTHER,collaborator,McKay-Dee Hospital
150795052,NCT02299414,OTHER,collaborator,Winthrop University Hospital
150795053,NCT02299414,OTHER,collaborator,New York Hospital Queens
150795054,NCT02299414,OTHER,collaborator,Latter Day Saints Hospital
150795055,NCT02299414,OTHER,collaborator,Lyndon B Johnson General Hospital
150795056,NCT02299414,OTHER,collaborator,Virtua Medical Group
150795057,NCT02299414,OTHER,collaborator,Duke Regional Hospital
150795058,NCT02299414,OTHER,collaborator,Utah Valley Regional Medical Center
150795059,NCT02299414,OTHER,collaborator,Northwestern University
150795060,NCT02299414,OTHER,collaborator,Women and Infants Hospital of Rhode Island
150795061,NCT02299414,OTHER,collaborator,Baylor College of Medicine
150795062,NCT02299414,UNKNOWN,collaborator,Case Western/Metro Health
150795063,NCT02299414,OTHER,collaborator,Ohio State University
150445993,NCT05630924,OTHER,lead,Icahn School of Medicine at Mount Sinai
150445994,NCT02177123,INDUSTRY,lead,InnFocus Inc.
150445995,NCT03376880,OTHER,lead,University of Texas Southwestern Medical Center
150795064,NCT02299414,OTHER,collaborator,University of Iowa
150445996,NCT05313295,OTHER,lead,Universidad de Almeria
150445997,NCT06392165,INDUSTRY,lead,Molnlycke Health Care AB
150445998,NCT04470154,INDUSTRY,lead,"Haisco Pharmaceutical Group Co., Ltd."
150445999,NCT02437344,OTHER,lead,New York State Psychiatric Institute
150446000,NCT06011187,OTHER,lead,Assistance Publique - Hôpitaux de Paris
150446001,NCT06212362,OTHER,lead,Karolinska Institutet
150446002,NCT04595656,OTHER,lead,University of Oxford
150446003,NCT05539625,OTHER,lead,University of Edinburgh
150446004,NCT05690308,OTHER,lead,"University Hospital, Ghent"
150446005,NCT04074720,OTHER,lead,Thomas Jefferson University
150446006,NCT04587518,OTHER,lead,Shannon E. Sauer-Zavala
150446007,NCT05967585,OTHER,lead,St. Jude Children's Research Hospital
150795065,NCT02299414,OTHER,collaborator,"University of California, San Diego"
150446008,NCT03299556,INDUSTRY,lead,Purdue Pharma LP
150446009,NCT04413500,OTHER,lead,Halmstad University
150795066,NCT02299414,OTHER,collaborator,Indiana University
150446010,NCT01779830,INDUSTRY,lead,Eli Lilly and Company
150446011,NCT05908916,OTHER,lead,Yonsei University
150446012,NCT02352025,OTHER,lead,The University of Texas Health Science Center at San Antonio
150795067,NCT02299414,OTHER,collaborator,Meriter Foundation
150795068,NCT02299414,OTHER,collaborator,Weill Medical College of Cornell University
150795069,NCT02299414,OTHER,collaborator,University of Oklahoma
150795070,NCT02299414,OTHER,collaborator,Medical University of South Carolina
150795071,NCT02299414,OTHER,collaborator,Beaumont Hospital
150795072,NCT02299414,OTHER,collaborator,"University of Colorado, Denver"
150795073,NCT02299414,OTHER,collaborator,University of Kansas Medical Center
150795074,NCT02299414,OTHER,collaborator,Denver Health and Hospital Authority
150795075,NCT02299414,OTHER,collaborator,Gundersen Health System
150795076,NCT02299414,OTHER,collaborator,Wake Forest University Health Sciences
150795077,NCT02299414,OTHER,collaborator,Oregon Health and Science University
150795078,NCT02299414,OTHER,collaborator,Medical College of Wisconsin
150446013,NCT02085460,INDUSTRY,lead,"Otsuka Pharmaceutical Co., Ltd."
150446014,NCT04291651,OTHER,lead,"University of California, San Francisco"
150446015,NCT02731586,OTHER,lead,Sri Sai College of Dental Surgery and Research Centre
150446016,NCT02212639,OTHER,lead,Assistance Publique - Hôpitaux de Paris
150446017,NCT01527149,OTHER,lead,Roswell Park Cancer Institute
150446018,NCT00269061,INDUSTRY,lead,GlaxoSmithKline
150795079,NCT02299414,OTHER,collaborator,Temple University
150795080,NCT02299414,OTHER,collaborator,New Jersey Medical School
150795081,NCT02299414,OTHER,collaborator,University of South Alabama
150795082,NCT02299414,OTHER,collaborator,Vanderbilt University
150795083,NCT02299414,OTHER,collaborator,University of Arkansas
150446019,NCT00758017,OTHER,lead,"Charite University, Berlin, Germany"
150446020,NCT03350997,OTHER,lead,University of Michigan
150446021,NCT00579215,OTHER,lead,Memorial Sloan Kettering Cancer Center
150446022,NCT03998410,INDUSTRY,lead,Echosense Ltd.
150446023,NCT01146769,OTHER,lead,Kwong Wah Hospital
150446024,NCT03088449,OTHER,lead,Royal Devon and Exeter NHS Foundation Trust
150446025,NCT01592734,OTHER,lead,Azienda Policlinico Umberto I
150446026,NCT05842616,OTHER,lead,Tanta University
150446027,NCT03732417,OTHER,lead,Institut Investigacio Sanitaria Pere Virgili
150446028,NCT06009939,OTHER,lead,Vårdcentralen Åby
150446029,NCT01277016,NETWORK,lead,European Myeloma Network B.V.
150446030,NCT03962036,OTHER,lead,Christopher McKee
150446031,NCT00360230,INDUSTRY,lead,GlaxoSmithKline
150446032,NCT03402217,OTHER,lead,University of Chicago
150795084,NCT02299414,OTHER,collaborator,Emory University
150446033,NCT05201547,OTHER,lead,ARCAGY/ GINECO GROUP
150446034,NCT02660749,OTHER,lead,Tobb University of Economics and Technology
150446035,NCT04351542,OTHER,lead,Aarogyam UK
150446036,NCT05671146,OTHER,lead,Imam Abdulrahman Bin Faisal University
150446037,NCT02640586,OTHER,lead,Sun Ying-Shi
150446038,NCT03868423,OTHER,lead,Sameek Roychowdhury
150795085,NCT02299414,OTHER,collaborator,"St. Luke's Hospital and Health Network, Pennsylvania"
150446039,NCT00005942,NIH,lead,National Cancer Institute (NCI)
150795086,NCT02299414,OTHER,collaborator,The Cleveland Clinic
150795087,NCT02299414,OTHER,collaborator,University of Tennessee
150446040,NCT06036225,OTHER,lead,Belfast Health and Social Care Trust
150446041,NCT03496311,OTHER,lead,"Fondazione IRCCS Ca' Granda, Ospedale Maggiore Policlinico"
150446042,NCT01658371,OTHER,lead,Chinese University of Hong Kong
150446043,NCT04732312,OTHER,lead,Groupe Hospitalier de la Region de Mulhouse et Sud Alsace
150446044,NCT01684917,OTHER,lead,Imperial College London
150446045,NCT02704455,OTHER,lead,Beijing Children's Hospital
150446046,NCT01239953,OTHER,lead,Fundación Médica para la Investigación y Desarrollo en el Area Cardiovascular
150446047,NCT03848325,OTHER,lead,University of Pittsburgh
150795088,NCT02299414,OTHER,collaborator,TriHealth Inc.
150446048,NCT05163080,INDUSTRY,lead,"MimiVax, LLC"
150446049,NCT01292486,INDUSTRY,lead,Terumo BCT
150446050,NCT01654354,OTHER,lead,Seoul National University Hospital
150795089,NCT02299414,OTHER,collaborator,Tulane University
150446051,NCT04172181,OTHER,lead,Children's Hospital of Fudan University
150446052,NCT04369404,OTHER,lead,Massachusetts General Hospital
150795090,NCT02299414,OTHER,collaborator,Yale University
150795091,NCT02299414,OTHER,collaborator,Arrowhead Regional Medical Center
150795092,NCT02299414,OTHER,collaborator,Geisinger Clinic
150795093,NCT02299414,OTHER,collaborator,Miami Valley Hospital
150446053,NCT04514185,OTHER,lead,"Federal State Budgetary Scientific Institution ""Izmerov Research Institute of Occupational Health"""
150795094,NCT00566189,INDUSTRY,collaborator,Ethicon Endo-Surgery
150446054,NCT01310777,INDUSTRY,lead,Alcon Research
150795095,NCT06508892,UNKNOWN,collaborator,University of Michigan-Flint
150446055,NCT05962060,OTHER,lead,Riphah International University
150446056,NCT00043316,INDUSTRY,lead,InterMune
150446057,NCT03463057,OTHER,lead,Stichting Hemato-Oncologie voor Volwassenen Nederland
150446058,NCT01266629,OTHER,lead,Shaare Zedek Medical Center
150446059,NCT02322632,INDUSTRY,lead,Dr. Reddy's Laboratories Limited
150795096,NCT05155670,OTHER,collaborator,Scuola Superiore Sant'Anna di Pisa
151142712,NCT02724566,OTHER,collaborator,Société Francophone du Diabète
150446060,NCT06310876,INDUSTRY,lead,Calico Life Sciences LLC
150446061,NCT02684825,OTHER,lead,Danilo Toni
150446062,NCT02485873,INDUSTRY,lead,Bayer
150446063,NCT04577521,OTHER,lead,Goztepe Training and Research Hospital
150446064,NCT06296069,OTHER,lead,Eleftheria Giannouli
150446065,NCT04934748,OTHER,lead,The Cleveland Clinic
150446066,NCT03909152,OTHER,lead,Memorial Sloan Kettering Cancer Center
150446067,NCT04771156,OTHER,lead,"The University of Texas Health Science Center, Houston"
150446068,NCT03546309,OTHER,lead,Capital Medical University
150446069,NCT06478420,OTHER,lead,University of Oxford
150446070,NCT02250846,OTHER,lead,"Wuhan Union Hospital, China"
150446071,NCT00406250,OTHER,lead,University of Campania Luigi Vanvitelli
150446072,NCT04081493,OTHER,lead,University of Aarhus
150795097,NCT00135473,OTHER_GOV,collaborator,German Federal Ministry of Education and Research
150446073,NCT01419964,INDUSTRY,lead,Ache Laboratorios Farmaceuticos S.A.
150446074,NCT04430452,OTHER,lead,"Mary Feng, MD"
150446075,NCT04963166,NIH,lead,National Institute of Allergy and Infectious Diseases (NIAID)
150446076,NCT02854345,OTHER,lead,Centre Hospitalier Universitaire de Besancon
150446077,NCT05515809,OTHER,lead,"Centre Hospitalier Universitaire, Amiens"
150446078,NCT04218240,OTHER,lead,University of Pennsylvania
150446079,NCT06011759,FED,lead,VA Office of Research and Development
150795098,NCT00135473,INDUSTRY,collaborator,B. Braun Melsungen AG
150795099,NCT00135473,INDUSTRY,collaborator,Novo Nordisk A/S
150795100,NCT00135473,INDUSTRY,collaborator,HemoCue
150795101,NCT02839889,INDUSTRY,collaborator,AstraZeneca
150446080,NCT06644573,INDUSTRY,lead,Nyree Penn
150446081,NCT04086745,INDUSTRY,lead,Eli Lilly and Company
150446082,NCT04935606,OTHER,lead,"University of California, Los Angeles"
150446083,NCT05442554,INDUSTRY,lead,Takeda
150446084,NCT04711850,INDUSTRY,lead,Hansa Biopharma AB
150446085,NCT05249582,OTHER,lead,Palo Alto University
150446086,NCT03675126,INDUSTRY,lead,"Sarepta Therapeutics, Inc."
150446087,NCT06527469,OTHER,lead,University of Missouri-Columbia
150795102,NCT02001064,INDUSTRY,collaborator,"Janssen Research & Development, LLC"
150446088,NCT02811068,OTHER_GOV,lead,Public Health England
150795103,NCT00315991,OTHER,collaborator,Joslin Diabetes Center
150795104,NCT04469049,OTHER,collaborator,Mount Zion Health Fund
150795105,NCT03055429,OTHER,collaborator,Penn State University
150795106,NCT03055429,NIH,collaborator,National Institute on Aging (NIA)
150795107,NCT00121927,NIH,collaborator,National Center for Research Resources (NCRR)
150795108,NCT01026506,INDUSTRY,collaborator,Cognis Deutschland GmbH & Co. KG
150446089,NCT01282034,INDUSTRY,lead,Fin-Ceramica Faenza Spa
150795109,NCT03049553,OTHER,collaborator,Naestved Hospital
150795110,NCT03049553,OTHER,collaborator,Aalborg University Hospital
150446090,NCT00412334,INDUSTRY,lead,Hoffmann-La Roche
150446091,NCT02731469,INDUSTRY,lead,Biocad
150446092,NCT03371667,OTHER,lead,Assistance Publique - Hôpitaux de Paris
150446093,NCT04298047,OTHER,lead,Jewish General Hospital
150446094,NCT04169035,OTHER,lead,Centre Hospitalier Universitaire de Besancon
150446095,NCT01239199,OTHER,lead,Assistance Publique - Hôpitaux de Paris
150446096,NCT05587777,OTHER_GOV,lead,Helse Stavanger HF
150446097,NCT01751529,OTHER,lead,UNC Lineberger Comprehensive Cancer Center
150446098,NCT04906564,OTHER,lead,Beijing Tiantan Hospital
150446099,NCT02938130,OTHER,lead,University of Pittsburgh
150446100,NCT02589938,OTHER,lead,Wake Forest University Health Sciences
150446101,NCT03481400,OTHER,lead,Danish Headache Center
150446102,NCT04626388,OTHER,lead,Fondation Hôpital Saint-Joseph
150446103,NCT04907058,OTHER,lead,State Key Laboratory of Respiratory Disease
150446104,NCT00256594,OTHER,lead,University of Vermont
150446105,NCT05902416,OTHER,lead,Peking University People's Hospital
150446106,NCT00181272,OTHER,lead,Johns Hopkins University
150446107,NCT00006394,NIH,lead,National Center for Research Resources (NCRR)
150446108,NCT01064388,INDUSTRY,lead,AstraZeneca
150446109,NCT03525236,OTHER,lead,University Medical Center Groningen
150446110,NCT05023642,OTHER,lead,Pró Circulação®
150446111,NCT01668784,INDUSTRY,lead,Bristol-Myers Squibb
150446112,NCT02318316,OTHER,lead,Gazi University
150446113,NCT01933737,OTHER,lead,University of Franca
150446114,NCT05862220,OTHER,lead,Zulekha Hospitals
150446115,NCT01617824,OTHER,lead,University of Padova
150795111,NCT03049553,UNKNOWN,collaborator,Soenderjylland Hospital
150446116,NCT02761330,OTHER,lead,Washington University School of Medicine
150446117,NCT03580512,OTHER,lead,Thai Red Cross AIDS Research Centre
150446118,NCT05577247,OTHER,lead,Assistance Publique - Hôpitaux de Paris
150446119,NCT00602602,OTHER,lead,Abramson Cancer Center at Penn Medicine
150446120,NCT01187602,OTHER,lead,University of Virginia
150446121,NCT02578147,OTHER,lead,University of Miami
150446122,NCT03020251,OTHER,lead,Centre Jean Perrin
150446123,NCT06514950,OTHER,lead,Spaulding Rehabilitation Hospital
150446124,NCT01356576,OTHER,lead,Northwell Health
150795112,NCT03049553,OTHER,collaborator,Esbjerg Hospital - University Hospital of Southern Denmark
150795113,NCT03049553,OTHER,collaborator,Randers Regional Hospital
150446125,NCT01547611,OTHER_GOV,lead,Linkoeping University
150446126,NCT06173687,INDUSTRY,lead,Cochlear
150446127,NCT03994081,OTHER,lead,"University of North Carolina, Chapel Hill"
150446128,NCT06521749,OTHER,lead,Theodor Bilharz Research Institute
150446129,NCT04011176,FED,lead,Paul Crawford
150446130,NCT03536572,FED,lead,VA Office of Research and Development
150446131,NCT03131024,OTHER,lead,University of Alberta
150446132,NCT03879512,OTHER,lead,Wuerzburg University Hospital
150446133,NCT05764265,INDUSTRY,lead,Novartis Pharmaceuticals
150446134,NCT00534612,OTHER_GOV,lead,National Institute of Cancerología
150446135,NCT02228941,OTHER,lead,Shanghai Children's Medical Center
150446136,NCT04696484,OTHER,lead,Dartmouth-Hitchcock Medical Center
150446137,NCT05085353,OTHER,lead,Methodist Health System
150446138,NCT01404819,OTHER,lead,Centre Hospitalier Universitaire de Nīmes
150446139,NCT05992883,OTHER,lead,Mayo Clinic
150446140,NCT01814111,OTHER,lead,The First Affiliated Hospital with Nanjing Medical University
150446141,NCT04500587,INDUSTRY,lead,"K-Group Alpha, Inc., a wholly owned subsidiary of Zentalis Pharmaceuticals, Inc."
150446142,NCT04865159,INDUSTRY,lead,"Kura Oncology, Inc."
150446143,NCT02803788,OTHER,lead,"Government Medical College, Haldwani"
150446144,NCT03340389,OTHER,lead,Wenzhou Medical University
150446145,NCT03571438,OTHER,lead,"University Hospital, Grenoble"
150446146,NCT03667274,OTHER,lead,"University Hospital, Basel, Switzerland"
150446147,NCT02338674,OTHER,lead,Fuzhou General Hospital
150446148,NCT05125835,OTHER,lead,Brock University
150446149,NCT05763043,OTHER,lead,Oregon Health and Science University
150795114,NCT03491891,OTHER,collaborator,First Affiliated Hospital of Shantou University Medical College
150446150,NCT05495789,OTHER,lead,NESLİHAN YILMAZ SEZER
150795115,NCT03695653,OTHER,collaborator,Feinstein Institute for Medical Research
150795116,NCT05499273,OTHER,collaborator,Gaslini Children's Hospital
150795117,NCT00515723,NIH,collaborator,National Institute of Mental Health (NIMH)
150795118,NCT04323540,OTHER,collaborator,University of Belgrade
150795119,NCT02479724,OTHER,collaborator,University of Virginia
150446151,NCT01511406,OTHER,lead,Oslo University Hospital
150446152,NCT04338594,OTHER,lead,"University Hospital, Clermont-Ferrand"
150446153,NCT00629980,INDUSTRY,lead,Merck Sharp & Dohme LLC
150446154,NCT02845323,OTHER,lead,Sidney Kimmel Comprehensive Cancer Center at Johns Hopkins
150446155,NCT00685230,INDUSTRY,lead,Instituto Bioclon S.A. de C.V.
150446156,NCT00771758,INDUSTRY,lead,"Ortho-McNeil Janssen Scientific Affairs, LLC"
150446157,NCT00048425,INDUSTRY,lead,Abbott
150446158,NCT06417424,OTHER,lead,Shanghai East Hospital
150446159,NCT05382845,OTHER,lead,Blekinge County Council Hospital
150795120,NCT00165100,OTHER,collaborator,Brigham and Women's Hospital
150446160,NCT04421677,OTHER,lead,University of Kansas Medical Center
150446161,NCT05188443,OTHER,lead,University of Edinburgh
150446162,NCT05452486,OTHER,lead,University of Arkansas
150795121,NCT02215525,INDUSTRY,collaborator,EMS
150795122,NCT05293665,OTHER,collaborator,Syneos Health
150795123,NCT05293665,OTHER,collaborator,Coalition for Epidemic Preparedness Innovations
150446163,NCT06499844,OTHER,lead,University of Iowa
150795124,NCT01169922,NIH,collaborator,National Institute on Alcohol Abuse and Alcoholism (NIAAA)
150795125,NCT04190836,OTHER,collaborator,Oslo University Hospital
150795126,NCT04190836,OTHER,collaborator,Keele University
150795127,NCT04190836,UNKNOWN,collaborator,National Institute of Occupational Health
150795128,NCT04190836,OTHER,collaborator,Diakonhjemmet Hospital
150446164,NCT06235775,INDUSTRY,lead,GemVax & Kael
150446165,NCT03645122,FED,lead,VA Office of Research and Development
150795129,NCT03636191,UNKNOWN,collaborator,Onorach Clinical
150795130,NCT03636191,UNKNOWN,collaborator,CPS Research
150795131,NCT05887115,OTHER,collaborator,Nationwide Children's Hospital
150795132,NCT05887115,OTHER,collaborator,University of Rochester
150446166,NCT06277687,OTHER,lead,Sun Yat-Sen Memorial Hospital of Sun Yat-Sen University
150795133,NCT05887115,OTHER,collaborator,Columbia University
150795134,NCT05887115,OTHER,collaborator,Yale University
150795135,NCT05020535,OTHER,collaborator,University of Kentucky
150795136,NCT05020535,NIH,collaborator,National Institute on Aging (NIA)
150795137,NCT04092010,NIH,collaborator,Eunice Kennedy Shriver National Institute of Child Health and Human Development (NICHD)
150795138,NCT04092010,OTHER,collaborator,Boston Medical Center
150446167,NCT04324827,OTHER,lead,Bahçeşehir University
150795139,NCT05722639,UNKNOWN,collaborator,X-Trodes
150446168,NCT05132010,OTHER,lead,Cairo University
150795140,NCT05847907,INDIV,collaborator,"Melodia, Dario, M.D."
150795141,NCT05847907,INDIV,collaborator,"Pisano, Milena, M.D."
150795142,NCT05847907,UNKNOWN,collaborator,Dr. Aurea M. I. Lumbau
150795143,NCT05847907,UNKNOWN,collaborator,Prof. Silvio Mario Meloni
150446169,NCT02010892,OTHER_GOV,lead,Papworth Hospital NHS Foundation Trust
150795144,NCT05847907,UNKNOWN,collaborator,Prof. Edoardo Baldoni
150795145,NCT04116801,UNKNOWN,collaborator,Dr Philippe METELLUS
150446170,NCT05672381,OTHER,lead,Dartmouth-Hitchcock Medical Center
150795146,NCT04956705,OTHER,collaborator,University of Copenhagen
150446171,NCT01242423,OTHER,lead,Unfallkrankenhaus Berlin
150446172,NCT01891253,OTHER,lead,Universitätsmedizin Mannheim
150795147,NCT02932098,OTHER,collaborator,University of Tennessee West Cancer Center
150795148,NCT00607724,NIH,collaborator,National Cancer Institute (NCI)
150795149,NCT00607724,OTHER,collaborator,Sidney Kimmel Comprehensive Cancer Center at Johns Hopkins
150795150,NCT06178263,UNKNOWN,collaborator,German Center of Cardiovascular Diseases (DZHK)
150795151,NCT05764135,OTHER,collaborator,The Craig H. Neilsen Foundation
150795152,NCT01133418,NIH,collaborator,National Institutes of Health (NIH)
150446173,NCT06016803,INDUSTRY,lead,Pierre Fabre Dermo Cosmetique
150446174,NCT03633370,OTHER,lead,"University Hospital, Grenoble"
150795153,NCT00501657,INDUSTRY,collaborator,Merck Sharp & Dohme LLC
150795154,NCT04242095,NIH,collaborator,National Cancer Institute (NCI)
150446175,NCT03850353,OTHER_GOV,lead,Tel-Aviv Sourasky Medical Center
150446176,NCT00370734,OTHER,lead,Shahid Beheshti University of Medical Sciences
150795155,NCT03621787,OTHER,collaborator,Michigan Translation and Commercialization for Life Sciences Hub
150446177,NCT02977663,OTHER,lead,Assistance Publique - Hôpitaux de Paris
150446178,NCT05552287,OTHER,lead,Erasmus Medical Center
150795156,NCT03621787,OTHER,collaborator,Grand Challenges Canada
150795157,NCT03621787,INDUSTRY,collaborator,VentureWell
150795158,NCT03621787,OTHER,collaborator,Unite for Sight
150446179,NCT02867436,OTHER,lead,"University Hospital, Motol"
150795159,NCT05647265,NIH,collaborator,National Cancer Institute (NCI)
150446180,NCT00872820,OTHER,lead,"University of California, Los Angeles"
150446181,NCT06032871,OTHER,lead,Hui-Ling Lin
150795160,NCT06606054,INDUSTRY,collaborator,W.L.Gore & Associates
150795161,NCT06606054,INDUSTRY,collaborator,Medtronic
150446182,NCT05579678,OTHER,lead,University of Alberta
150446183,NCT05120180,OTHER,lead,Xiangyun Zong
150795162,NCT06717971,OTHER_GOV,collaborator,Shanxi Provincial People's Hospital
150446184,NCT03951103,INDUSTRY,lead,Swedish Orphan Biovitrum
150446185,NCT02200302,INDUSTRY,lead,Apifix
150795163,NCT06729632,OTHER,collaborator,University of Miami
